Organization,Address,Region,Phone,Website,Location Rank
2001,32963,West Palm Beach,,,Preferred Target
2002,33067,West Palm Beach,,,Preferred Target
2003,33323,West Palm Beach,,,Preferred Target
2004,33326,West Palm Beach,,,Preferred Target
2005,33328,West Palm Beach,,,Preferred Target
2006,33405,West Palm Beach,,,Preferred Target
2007,33411,West Palm Beach,,,Preferred Target
2008,33415,West Palm Beach,,,Preferred Target
2009,33434,West Palm Beach,,,Preferred Target
2010,33444,West Palm Beach,,,Preferred Target
2011,33449,West Palm Beach,,,Preferred Target
2012,33458,West Palm Beach,,,Preferred Target
2013,33467,West Palm Beach,,,Preferred Target
2014,33470,West Palm Beach,,,Preferred Target
2015,33477,West Palm Beach,,,Preferred Target
2016,33478,West Palm Beach,,,Preferred Target
2017,33480,West Palm Beach,,,Preferred Target
2018,33486,West Palm Beach,,,Preferred Target
2019,33496,West Palm Beach,,,Preferred Target
